_id,DEPARTAMENTO,Codmun,MUNICIPIO,CULTIVO,PERIODO,AreaSembrada,AreaCosechada,Produccion,Rendimiento
ObjectId(5ca7f264a6a68a0efadeef0f),RISARALDA,66572,PUEBLO RICO,CACAO,2018,886,886,886,1
ObjectId(5ca7f264a6a68a0efadeef12),RISARALDA,66075,BALBOA,CACAO,2018,191,164,131,0.8
ObjectId(5ca7f264a6a68a0efadeef13),RISARALDA,66456,MISTRATO,CACAO,2018,281,229,80,0.4
ObjectId(5ca7f264a6a68a0efadeef14),RISARALDA,66088,BELEN DE UMBRIA,CACAO,2018,104,30,24,0.8
ObjectId(5ca7f264a6a68a0efadeef15),RISARALDA,66440,MARSELLA,CACAO,2018,331,288,202,0.7
ObjectId(5ca7f264a6a68a0efadeef16),RISARALDA,66594,QUINCHIA,CACAO,2018,116,94,76,0.8
ObjectId(5ca7f264a6a68a0efadeef17),RISARALDA,66001,PEREIRA,CACAO,2018,38,38,23,0.6
ObjectId(5ca7f264a6a68a0efadeef18),RISARALDA,66687,SANTUARIO,CACAO,2018,31,1,0,0.2
ObjectId(5ca7f264a6a68a0efadeef19),RISARALDA,66318,GUATICA,CACAO,2018,20,10,8,0.8
ObjectId(5ca7f264a6a68a0efadeef1a),RISARALDA,66400,LA VIRGINIA,CACAO,2018,18,13,8,0.6
ObjectId(5ca7f264a6a68a0efadef134),RISARALDA,66456,MISTRATO,CACAO,2017,219,209,73,0.4
ObjectId(5ca7f264a6a68a0efadef135),RISARALDA,66075,BALBOA,CACAO,2017,156,156,94,0.6
ObjectId(5ca7f264a6a68a0efadef136),RISARALDA,66594,QUINCHIA,CACAO,2017,116,94,76,0.8
ObjectId(5ca7f264a6a68a0efadef137),RISARALDA,66001,PEREIRA,CACAO,2017,38,38,23,0.6
ObjectId(5ca7f264a6a68a0efadef138),RISARALDA,66088,BELEN DE UMBRIA,CACAO,2017,35,15,12,0.8
ObjectId(5ca7f264a6a68a0efadef139),RISARALDA,66400,LA VIRGINIA,CACAO,2017,18,13,8,0.6
ObjectId(5ca7f264a6a68a0efadef13a),RISARALDA,66318,GUATICA,CACAO,2017,10,10,8,0.8
ObjectId(5ca7f264a6a68a0efadef13b),RISARALDA,66687,SANTUARIO,CACAO,2017,7,1,0,0.1
ObjectId(5ca7f264a6a68a0efadef147),RISARALDA,66572,PUEBLO RICO,CACAO,2017,886,886,886,1
ObjectId(5ca7f264a6a68a0efadef148),RISARALDA,66440,MARSELLA,CACAO,2017,291,281,197,0.7
ObjectId(5ca7f265a6a68a0efadef358),RISARALDA,66572,PUEBLO RICO,CACAO,2016,886,876,876,1
ObjectId(5ca7f265a6a68a0efadef359),RISARALDA,66440,MARSELLA,CACAO,2016,302,228,160,0.7
ObjectId(5ca7f265a6a68a0efadef35a),RISARALDA,66456,MISTRATO,CACAO,2016,234,234,70,0.3
ObjectId(5ca7f265a6a68a0efadef35e),RISARALDA,66075,BALBOA,CACAO,2016,178,69,55,0.8
ObjectId(5ca7f265a6a68a0efadef35f),RISARALDA,66594,QUINCHIA,CACAO,2016,150,86,69,0.8
ObjectId(5ca7f265a6a68a0efadef360),RISARALDA,66088,BELEN DE UMBRIA,CACAO,2016,44,3,2,0.8
ObjectId(5ca7f265a6a68a0efadef361),RISARALDA,66001,PEREIRA,CACAO,2016,39,29,17,0.6
ObjectId(5ca7f265a6a68a0efadef362),RISARALDA,66400,LA VIRGINIA,CACAO,2016,18,13,8,0.6
ObjectId(5ca7f265a6a68a0efadef375),RISARALDA,66318,GUATICA,CACAO,2016,10,0,0,0
